Emoji,Description
"📶","Antenna Bars - Perfect for WiFi signal strength"
"📡","Satellite Antenna - For space-age connectivity"
"💻","Laptop - Classic computer symbol"
"📱","Mobile Phone - Modern smartphone icon"
"🌐","Globe - Worldwide internet connection"
"🔗","Link - Network connection symbol"
"💾","Floppy Disk - Data storage and tech nostalgia"
"🎮","Video Game - Gaming and entertainment"
"🚀","Rocket - Fast, powerful, and futuristic"
"🛰️","Satellite - Space communication"
"🌌","Milky Way - Cosmic and mysterious"
"🌑","New Moon - Dark and elegant"
"⭐","Star - Bright and shining"
"👨‍🚀","Astronaut - Space explorer"
"🤖","Robot - AI and technology"
"👾","Alien Monster - Gaming and sci-fi"
"⚔️","Crossed Swords - Battle and strength"
"🛡️","Shield - Protection and security"
"🔫","Pistol - Action and power"
"💥","Collision - Explosive energy"
"🖤","Black Heart - Dark and mysterious"
"❤️","Red Heart - Love and passion"
"💙","Blue Heart - Calm and peaceful"
"💚","Green Heart - Nature and growth"
"💜","Purple Heart - Royal and mysterious"
"🤍","White Heart - Pure and clean"
"🎵","Musical Note - Music and rhythm"
"🎧","Headphone - Audio and music"
"🎤","Microphone - Voice and performance"
"🎸","Guitar - Rock music and instruments"
"🍕","Pizza - Food and fun"
"🍔","Hamburger - Fast food and casual"
"🍟","French Fries - Snacks and comfort food"
"🍰","Shortcake - Sweet treats and celebration"
"🌲","Evergreen Tree - Nature and forest"
"🏞️","National Park - Scenic landscapes"
"🌻","Sunflower - Bright and cheerful"
"🐱","Cat Face - Cute and playful"
"🐶","Dog Face - Loyal and friendly"
"🐼","Panda Face - Adorable and rare"
"💡","Light Bulb - Ideas and innovation"
"🔑","Key - Access and secrets"
"🔒","Locked - Security and privacy"
"⚡","High Voltage - Power and energy"
"🔥","Fire - Hot and intense"
"❄️","Snowflake - Cold and pure"
"🌈","Rainbow - Colorful and magical"
"😎","Sunglasses - Cool and stylish"
"🤓","Nerd Face - Smart and geeky"
"😈","Devil - Mischievous and playful"
"👻","Ghost - Spooky and mysterious"
"💀","Skull - Dark and edgy"
"👍","Thumbs Up - Approval and positivity"
"👎","Thumbs Down - Disapproval"
"✌️","Peace Sign - Peace and victory"
"🤘","Rock On - Metal and rock music"
"👊","Fist - Power and strength"
"🧠","Brain - Intelligence and thinking"
"💭","Thought Balloon - Ideas and thoughts"
"🌱","Seedling - Growth and new beginnings"
"🔬","Microscope - Science and research"
"⚗️","Alembic - Chemistry and experiments"
"🔌","Electric Plug - Power connection"
"🔋","Battery - Energy storage"
"📠","Fax Machine - Retro tech"
"📟","Pager - Retro communication"
"📺","Television - Broadcast media"
"📻","Radio - Audio broadcasting"
"🧭","Compass - Navigation and direction"
"⏱️","Stopwatch - Timing and speed"
"⏰","Alarm Clock - Time management"
"⚙️","Gear - Settings and mechanics"
"🔓","Unlocked - Open access"
"🔔","Bell - Notifications and alerts"
"📣","Megaphone - Announcements"
"🎩","Top Hat - Classy and elegant"
"👑","Crown - Royalty and excellence"
"🏆","Trophy - Victory and achievements"
"🏅","Medal - High honors"
"🎪","Circus Tent - Entertainment and fun"
"🎨","Artist Palette - Creativity and design"
"🎬","Clapper Board - Cinema and video"
"🎻","Violin - Classical music"
"🎺","Trumpet - Jazz and brass music"
"🎷","Saxophone - Smooth tunes"
"🎹","Musical Keyboard - Synths and piano"
"🥁","Drum - Beats and rhythm"
"🛹","Skateboard - Street culture"
"🛼","Roller Skate - Retro fun"
"🏄","Surfer - Riding the waves"
"🏊","Swimmer - Water sports"
"🚣","Rowboat - Calm waters"
"🏇","Horse Racing - Speed and sport"
"🚴","Cyclist - Outdoor activity"
"🧗","Climber - Adventure and scaling heights"
"🛸","Flying Saucer - Alien mysteries"
"☄️","Comet - Cosmic events"
"🌟","Glowing Star - Exceptional quality"
"✨","Sparkles - Magic and cleanliness"
"☀️","Sun - Bright and warm"
"🌙","Crescent Moon - Night vibes"
"☁️","Cloud - Overcast weather"
"🌧️","Rain - Cozy rainy days"
"⛈️","Thunderstorm - Powerful weather"
"🌋","Volcano - Geothermal power"
"🏔️","Snow Mountain - Winter adventure"
"🏕️","Camping - Outdoor exploration"
"🏖️","Beach - Relaxation and summer"
"🏝️","Desert Island - Escape and paradise"
"🌳","Deciduous Tree - Lush greenery"
"🌴","Palm Tree - Tropical vibes"
"🌵","Cactus - Desert resilience"
"🍁","Maple Leaf - Autumn aesthetics"
"🍂","Fallen Leaf - Changing seasons"
"🍃","Leaf Fluttering - Fresh breeze"
"🍀","Four Leaf Clover - Good luck"
"☘️","Shamrock - Irish heritage"
"🌾","Sheaf of Rice - Agriculture and harvest"
"🎋","Tanabata Tree - Wishes and festivals"
"🍄","Mushroom - Forest floor finding"
"🐚","Spiral Shell - Ocean treasures"
"🪨","Rock - Solid foundation"
"🌹","Rose - Romance and beauty"
"🦊","Fox - Clever and resourceful"
"🦁","Lion - Courage and leadership"
"🐯","Tiger - Strength and power"
"🐨","Koala - Calm and friendly"
"🐻","Bear - Hugs and strength"
"🐸","Frog - Leap of faith"
"🐙","Octopus - Multi-tasking master"
"🐵","Monkey - Playful energy"
"🦄","Unicorn - Rare and magical"
"🦅","Eagle - Vision and freedom"
"🦖","T-Rex - Prehistoric power"
"🐉","Dragon - Mythical legend"
"🐢","Turtle - Slow and steady"
"🐬","Dolphin - Intelligent and playful"
"🐳","Spouting Whale - Ocean majesty"
"🦈","Shark - Apex predator"
"🐊","Crocodile - Ancient survivor"
"🐆","Cheetah - Ultimate speed"
"🐘","Elephant - Memory and wisdom"
"🦒","Giraffe - High perspective"
"🐑","Sheep - Soft and peaceful"
"🦉","Owl - Wisdom and night watch"
"🐝","Honeybee - Hard work and sweetness"
"🐞","Ladybug - Good fortune"
"🦋","Butterfly - Transformation"
"🐍","Snake - Renewal and stealth"
"🌭","Hot Dog - Quick snack"
"🍿","Popcorn - Movie night"
"🍩","Donut - Sweet treat"
"🍪","Cookie - Classic snack"
"🍫","Chocolate Bar - Sweet indulgence"
"🍬","Candy - Colorful sweetness"
"☕","Coffee Cup - Energy boost"
"🍺","Beer Mug - Celebration and chill"
"🍷","Wine Glass - Elegant toast"
"🍹","Cocktail - Party vibes"
"🥤","Soft Drink - Refreshment"
"🌶️","Hot Pepper - Spicy and bold"
"🌮","Taco - Fiesta flavors"
"🍣","Sushi - Precision and craft"
"🍦","Ice Cream - Sweet cooling"
"🍎","Red Apple - Health and knowledge"
"🍉","Watermelon - Summer freshness"
"🍓","Strawberry - Sweet fruit"
"🍒","Cherries - Double trouble"
"🍍","Pineapple - Hospitality and tropical"
"🥑","Avocado - Healthy fats"
"🥓","Bacon - Savory delight"
"🥟","Dumpling - Cozy comfort food"
"🍱","Bento Box - Organized variety"
"🍜","Ramen - Warm noodle comfort"
"🧁","Cupcake - Small celebration"
"🍵","Teacup - Calm and focus"
"🍾","Champagne - Big celebrations"
"🧡","Orange Heart - Warm friendship"
"💛","Yellow Heart - Golden loyalty"
"💖","Sparkling Heart - Excited love"
"💝","Heart with Ribbon - Gift of love"
"💯","Hundred Points - Perfect score"
"💨","Dashing Away - High speed"
"💤","Sleeping - Rest and dreams"
"💬","Speech Balloon - Active chat"
"🔔","Bell - Notification alert"
"💔","Broken Heart - Melancholy"
"💕","Two Hearts - Love in the air"
"💞","Revolving Hearts - Shared affection"
"💓","Beating Heart - Excitement"
"💗","Growing Heart - Expanding love"
"💘","Heart with Arrow - Struck by love"
"💟","Heart Decoration - Artistic love"
"☮️","Peace - Harmony and calm"
"☯️","Yin Yang - Balance and duality"
"🤡","Clown - Fun and silliness"
"🤠","Cowboy - Adventure and rugged"
"👽","Alien - Out of this world"
"🎃","Jack-O-Lantern - Spooky fun"
"💩","Pile of Poop - Lighthearted humor"
"😀","Grinning Face - Pure happiness"
"😃","Grinning Face with Big Eyes - Excitement"
"😄","Grinning Face with Smiling Eyes - Warm joy"
"😁","Beaming Face - Great success"
"😆","Squinting Face - Hearty laughter"
"😅","Sweating Face - Relieved chuckle"
"😂","Face with Tears of Joy - Uncontrollable laughter"
"🤣","Rolling on the Floor Laughing - Extreme hilarity"
"😇","Smiling Face with Halo - Innocent and good"
"😉","Winking Face - Playful hint"
"😊","Smiling Face with Smiling Eyes - Contentment"
"🙂","Slightly Smiling Face - Polite nod"
"🙃","Upside-Down Face - Silly irony"
"😋","Face Savoring Food - Deliciously good"
"🤪","Zany Face - Wild and crazy"
"🤩","Star-Struck - Amazed and wowed"
"🥳","Partying Face - Celebration time"
"😏","Smirking Face - Self-confidence"
"🥺","Pleading Face - Sweet request"
"😭","Loudly Crying Face - Intense emotion"
"🤯","Exploding Head - Mind-blown"
"🥵","Hot Face - High temperature"
"🥶","Cold Face - Freezing weather"
"🔨","Hammer - Construction and work"
"🔧","Wrench - Fixing and tuning"
"🛡️","Shield - Strong defense"
"⚔️","Crossed Swords - Action quest"
"🔮","Crystal Ball - Future visions"
"🛒","Shopping Cart - Retail therapy"